,AIRMASS,BERV,BERV_DRS,BIS,BJD,BJD_DRS,CONTRAST_DRS,CRX,DPR_TYPE,DRIFT,DRIFT_LAMP,EXPTIME,E_MLCRX,FWHM_DRS,Halpha,MASK,MLCRX,NZP_drs,NZP_mlc,NaD1,NaD2,OBHAB,PROGID,PROGPI,RVGUESS,RV_drs,RV_drs_nzp,RV_mlc,RV_mlc_j,RV_mlc_nzp,SA,SNR_DRS,THAR_FP,TIMEID,TMMEAN,dLW,dNZP_drs,dNZP_mlc,e_CRX,e_DRIFT,e_Halpha,e_NaD1,e_NaD2,e_RV_drs,e_RV_drs_nzp,e_RV_mlc,e_RV_mlc_j,e_RV_mlc_nzp,e_dLW,f_RV,target
0,-9999999.0,-7.01325269347,-7.0179013233,-0.0011377036664100002,2452949.76427,2452949.7634799997,40.8427991276,-36.767258578098186,"STAR,WAVE,G2V",0.37799999999999995,-9999999.0,119.9962,7.77495130533,7.111231516339999,0.4466862214430156,G2,-36.788066504899994,0.466,0.409,0.33966310327121824,0.4608987216268231,HARPS_ech_obs_all,072.C-0513(B),UNKNOWN,12.2,12563.689093500001,12563.223,-3.0086588653799997,-3.0086588653799997,6.569,0.0,165.8,HARPS_ech_obs_thosimult,2003-11-06T06:16:47.465,0.53,17.0324395747,-9999999.0,0.8740000000000001,7.779461576899442,-9999999.0,0.00044851483226943475,0.0006179671211180015,0.0008024115001591652,0.497112340958,1.119,0.589388885094,0.589388885094,1.054,1.18780020924,0.0,GJ136
1,-9999999.0,-7.01533537757,-7.020028334889999,0.00013775173297,2452949.76598,2452949.76524,40.8480991616,-32.3089673318565,"STAR,WAVE,G2V",0.574,-9999999.0,119.9963,7.4106094228799995,7.11392219005,0.4459270182443667,G2,-32.3330696815,0.462,0.408,0.34052952037854306,0.4626742933175102,HARPS_ech_obs_all,072.C-0513(B),UNKNOWN,12.2,12564.290501000001,12563.829,-2.79720920943,-2.79720920943,6.782,0.0,159.0,HARPS_ech_obs_thosimult,2003-11-06T06:19:19.517,0.5,14.866978113800002,-9999999.0,0.8740000000000001,7.414724126313658,-9999999.0,0.0004701043490253508,0.0006454612049343847,0.0008387295909724901,0.512136698647,1.126,0.605763080621,0.605763080621,1.063,1.40906236815,0.0,GJ136
2,-9999999.0,-7.017466109339999,-7.02214636733,0.0010791456233599998,2452949.76775,2452949.76698,40.840674992,-24.46223039908678,"STAR,WAVE,G2V",0.457,-9999999.0,119.9965,8.36362813349,7.109039910289999,0.4468291806157837,G2,-24.4659164969,0.45899999999999996,0.408,0.3414641366302816,0.4607946398855084,HARPS_ech_obs_all,072.C-0513(B),UNKNOWN,12.2,12565.3643175,12564.905,-2.1313961138799997,-2.1313961138799997,7.4479999999999995,0.0,152.4,HARPS_ech_obs_thosimult,2003-11-06T06:21:50.749,0.51,16.9052338711,-9999999.0,0.8740000000000001,8.366438772763662,-9999999.0,0.00048722327366186076,0.0006747166649999345,0.0008729964173183418,0.540311997689,1.139,0.6401399563,0.6401399563,1.083,1.31486866078,0.0,GJ136
3,-9999999.0,-5.9772134572099995,-5.982061999730001,-0.009598487956260001,2453039.62508,2453039.62433,40.9285102658,-29.84367040392521,"STAR,WAVE,G2V",0.259,-9999999.0,149.9951,6.941435615850001,7.087638889530001,0.44259015311511213,G2,-29.8406506032,1.421,0.826,0.3365537667026721,0.4570981802578267,HARPS_ech_obs_all,072.C-0513(D),UNKNOWN,12.2,12575.9931211,12574.421,10.3466280935,10.3466280935,19.508,0.151,143.1,HARPS_ech_obs_thosimult,2004-02-04T02:59:41.851,0.5,1.6730545600100002,-9999999.0,0.8740000000000001,6.940673816495035,-9999999.0,0.000516675075828174,0.0007166671590573392,0.0009304294973751203,0.5630937233250001,1.15,0.680295885468,0.680295885468,1.107,1.27659089891,0.0,GJ136
4,-9999999.0,-5.978230257969999,-5.9830785502,-0.0092719117711,2453039.62718,2453039.6264400003,40.9263115383,-21.15771316468339,"STAR,WAVE,G2V",0.342,-9999999.0,149.9953,5.35617063958,7.09052493563,0.4429871265582227,G2,-21.1493802365,1.4169999999999998,0.825,0.3363644621220418,0.4566292808060188,HARPS_ech_obs_all,072.C-0513(D),UNKNOWN,12.2,12575.773108700001,12574.205,9.67450526267,9.67450526267,18.837,0.151,150.2,HARPS_ech_obs_thosimult,2004-02-04T03:02:43.263,0.5,-0.228208145668,-9999999.0,0.8740000000000001,5.357357085654523,-9999999.0,0.0004925320459912678,0.0006825932847849566,0.0008854941964405783,0.53776456096,1.138,0.651720712093,0.651720712093,1.09,1.32998588717,0.0,GJ136
5,-9999999.0,-5.97922427628,-5.984073624980001,-0.009230050732540001,2453039.62929,2453039.62854,40.925396885,-26.584170367447282,"STAR,WAVE,G2V",0.258,-9999999.0,149.9954,6.2740784533200005,7.087668828969999,0.443450819378482,G2,-26.5767789187,1.413,0.825,0.33557079736094764,0.4583714770778929,HARPS_ech_obs_all,072.C-0513(D),UNKNOWN,12.2,12573.670564700002,12572.107,8.09348305399,8.09348305399,17.255,0.151,155.3,HARPS_ech_obs_thosimult,2004-02-04T03:05:45.686,0.5,0.395897189556,-9999999.0,0.8740000000000001,6.274129907441957,-9999999.0,0.00047703676921198135,0.0006581886211528827,0.0008570592701071847,0.519066522596,1.129,0.632295306387,0.632295306387,1.078,1.4231149731200001,0.0,GJ136
6,-9999999.0,0.38136791687399996,0.375996989386,1.7715597915299999,2453261.82941,2453261.82867,0.248635069177,-12.43782400367362,"STAR,WAVE,G2.5V",-9999999.0,-9999999.0,119.9767,11.5351860708,14.754581836600002,0.4459930256065411,G2,-12.4069500691,-1.972,-1.5859999999999999,0.3410818007844172,0.4607453057873375,HARPS_ech_obs_all,073.C-0784(B),UNKNOWN,31746.164,33897087.866,33897089.315,9.51693958571,9.51693958571,21.09,0.523,148.9,HARPS_ech_obs_thosimult,2004-09-13T07:49:47.948,0.48,23.6632168343,-9999999.0,0.8740000000000001,11.52358648731823,-9999999.0,0.00042278806686033785,0.0006756832963364407,0.0008725542978813285,-9999999.0,-9999999.0,1.0724489267100001,1.0724489267100001,1.383,2.7141911513599997,0.0,GJ136
7,-9999999.0,0.379095676442,0.37371881549,-0.0938040054862,2453261.8311400004,2453261.8303900003,0.248145085627,2.5295014971985945,"STAR,WAVE,G2.5V",-9999999.0,-9999999.0,119.9775,9.59496272032,15.3824989194,0.4456265736978591,G2,2.50897287942,-1.975,-1.5859999999999999,0.34249066908685194,0.4618637477311514,HARPS_ech_obs_all,073.C-0784(B),UNKNOWN,31746.164,33897659.6757,33897661.128,8.52829354964,8.52829354964,20.102,0.523,156.8,HARPS_ech_obs_thosimult,2004-09-13T07:52:18.259,0.47,20.1435226717,-9999999.0,0.8740000000000001,9.577621636257886,-9999999.0,0.00041282922170915486,0.0006449256677256933,0.0008324718259674577,-9999999.0,-9999999.0,1.0123295349700001,1.0123295349700001,1.337,2.1377832185599996,0.0,GJ136
8,-9999999.0,0.376726417103,0.37135911414800005,-1.0214466497499999,2453261.83294,2453261.83218,0.236655958687,-1.845145482428225,"STAR,WAVE,G2.5V",-9999999.0,-9999999.0,119.9775,10.7316392212,15.351305791800002,0.4461200854045948,G2,-1.8694029674200001,-1.979,-1.587,0.3431491842602244,0.4627064951054981,HARPS_ech_obs_all,073.C-0784(B),UNKNOWN,31746.164,33896887.2427,33896888.699,9.465288417250001,9.465288417250001,21.039,0.523,153.2,HARPS_ech_obs_thosimult,2004-09-13T07:54:48.690,0.51,23.1823517983,-9999999.0,0.8740000000000001,10.71513272397886,-9999999.0,0.00041184459141075926,0.0006599620176801495,0.000851595220247708,-9999999.0,-9999999.0,1.0468095752700002,1.0468095752700002,1.364,2.5690477785,0.0,GJ136
9,-9999999.0,-6.1590968653600005,-6.164759935759999,0.00982668969294,2453306.83105,2453306.8303,40.7313544584,2.7915914745910566,"STAR,WAVE,G2.5V",0.0,-9999999.0,100.0018,4.99282318467,7.1076684411,0.4420389924670983,G2,2.75266889737,-0.855,-1.196,0.34123024147497605,0.4610446999112063,HARPS_ech_obs_all,074.C-0012(A),UNKNOWN,12.5,12559.0466657,12559.303999999998,-8.53074825635,-8.53074825635,2.6519999999999997,0.598,203.2,HARPS_ech_obs_thosimult,2004-10-28T07:52:55.573,0.5,28.7902985074,-9999999.0,0.8740000000000001,5.011276670560517,-9999999.0,0.0003581913883655758,0.0005042085161725656,0.0006542644072687988,0.399507718062,1.08,0.504678586297,0.504678586297,1.0090000000000001,1.07914706613,0.0,GJ136
10,-9999999.0,-6.16072968129,-6.1663889899,0.0115416166793,2453306.83256,2453306.83182,40.7316948358,-5.658912936466357,"STAR,WAVE,G2.5V",0.0,-9999999.0,100.0021,5.978459855880001,7.108879987410001,0.44250178106304977,G2,-5.69106444731,-0.858,-1.196,0.3411361036728491,0.461197162159368,HARPS_ech_obs_all,074.C-0012(A),UNKNOWN,12.5,12560.537185299998,12560.796999999999,-6.996373945399999,-6.996373945399999,4.188,0.598,197.0,HARPS_ech_obs_thosimult,2004-10-28T07:55:07.515,0.49,28.9474187357,-9999999.0,0.8740000000000001,5.989966104661696,-9999999.0,0.0003706777356499029,0.0005201246777881059,0.0006749919215099478,0.409775786598,1.084,0.513789614943,0.513789614943,1.014,1.08568777899,0.0,GJ136
11,-9999999.0,-6.16236228731,-6.168031391919999,0.012300145090399998,2453306.83409,2453306.8333400004,40.7286548732,-7.001297782052927,"STAR,WAVE,G2.5V",0.0,-9999999.0,100.0017,4.26211968732,7.11061822702,0.4423178388370338,G2,-7.033448272929999,-0.861,-1.197,0.3409431717434936,0.4621179688701397,HARPS_ech_obs_all,074.C-0012(A),UNKNOWN,12.5,12560.9913618,12561.253999999999,-6.0846324980299995,-6.0846324980299995,5.099,0.598,203.1,HARPS_ech_obs_thosimult,2004-10-28T07:57:18.249,0.5,29.729198199200003,-9999999.0,0.8740000000000001,4.272774027793739,-9999999.0,0.00035900348198755126,0.0005045741509364959,0.0006561124414883616,0.39930814800700004,1.079,0.499883870862,0.499883870862,1.0070000000000001,1.2381738154700002,0.0,GJ136
12,-9999999.0,-9.06549686133,-9.070334785770001,-0.0031745340419199997,2453361.5993,2453361.59856,40.7623289297,-16.33063752269836,"STAR,DARK,G2",0.0,-9999999.0,30.0021,9.586003473949999,7.130303199339999,0.44886433127862996,G2,-16.391929531400002,-1.054,-0.5660000000000001,0.3397782571804809,0.4618215997246623,HARPS_ech_obs_all,074.C-0364(A),Robichon,12.36,12587.498014899998,12587.862,21.5911462196,21.5911462196,32.144,0.69,80.2,HARPS_ech_obs_objA,2004-12-22T02:21:58.259,0.46,29.581609818,-9999999.0,0.8740000000000001,9.567052513681473,-9999999.0,0.000929885686385718,0.001300471497038067,0.0016890812191110442,0.9382979468799999,1.3730000000000002,1.18440307333,1.18440307333,1.4709999999999999,2.5259053251099997,0.0,GJ136
13,-9999999.0,-9.15153865525,-9.15637637702,-0.00171660856155,2453362.69971,2453362.6989700003,40.7600177128,-27.74583020762413,"STAR,DARK,G2",0.0,-9999999.0,30.0017,10.2933483143,7.1329548836,0.4494452934465405,G2,-27.8388378137,-0.941,-0.725,0.3403623945105321,0.4604049079309726,HARPS_ech_obs_all,074.C-0364(A),Robichon,12.36,12580.757186499999,12581.006000000001,14.4535159849,14.4535159849,25.166,0.6920000000000001,85.9,HARPS_ech_obs_objA,2004-12-23T04:46:37.909,0.41,32.7922398368,-9999999.0,0.8740000000000001,10.275344286375779,-9999999.0,0.0008860165566566966,0.0012139805621637478,0.0015748288356528678,0.8662917310930001,1.325,1.09713810807,1.09713810807,1.402,2.10187733374,0.0,GJ136
14,-9999999.0,-9.039066021839998,-9.043901118439999,0.0048181670382900004,2453363.6082,2453363.60745,40.7667689616,-17.136968071062743,"STAR,DARK,G2",0.0,-9999999.0,30.0006,9.83474997509,7.13841777775,0.4538054290066951,G2,-17.1960789832,-0.5760000000000001,-0.855,0.34100282692541656,0.4592692880200255,HARPS_ech_obs_all,074.C-0364(A),Robichon,12.36,12578.241453899998,12578.124,10.535881534,10.535881534,21.378,0.693,88.5,HARPS_ech_obs_objA,2004-12-24T02:34:52.887,0.43,31.2003680633,-9999999.0,0.8740000000000001,9.823599866935552,-9999999.0,0.0008550069724015473,0.0011790104093764655,0.00152481366818205,0.8431809689390001,1.31,1.06763398405,1.06763398405,1.38,2.37013896427,0.0,GJ136
15,-9999999.0,-2.3862427989099997,-2.39030827731,-0.00394256183637,2453430.56415,2453430.5634,40.8224130196,-7.015321126892647,"STAR,WAVE,G2.5V",0.084,-9999999.0,240.0022,4.43740639414,7.09091303945,0.4427222911364551,G2,-7.02341058522,-0.06,-0.831,0.3327451852358767,0.4504030846066994,HARPS_ech_obs_all,074.C-0012(B),UNKNOWN,12.5,12567.440504200002,12566.696000000002,0.433905595109,0.433905595109,11.253,0.805,260.3,HARPS_ech_obs_thosimult,2005-03-01T01:31:32.991,0.54,13.3865685956,-9999999.0,0.8740000000000001,4.43453889835724,-9999999.0,0.00028598723032140694,0.0003936336794100368,0.0005106371419380698,0.296276477789,1.046,0.38467132508699997,0.38467132508699997,0.955,1.1347515227,0.0,GJ136
16,-9999999.0,-2.38741751165,-2.39148675865,-0.00506705406297,2453430.56718,2453430.56643,40.8318886315,-1.9705122507943127,"STAR,WAVE,G2.5V",0.317,-9999999.0,240.0005,3.97893278274,7.09074128157,0.4428578950586707,G2,-1.9795144374900002,-0.066,-0.8320000000000001,0.333254821334222,0.4500761833530613,HARPS_ech_obs_all,074.C-0012(B),UNKNOWN,12.5,12566.1191419,12565.38,-1.01777337806,-1.01777337806,9.801,0.805,280.3,HARPS_ech_obs_thosimult,2005-03-01T01:36:04.097,0.5,11.0234474583,-9999999.0,0.8740000000000001,3.978542281113281,-9999999.0,0.000260596660854037,0.0003651698440628169,0.0004732030614154578,0.280979983289,1.042,0.36810621274599997,0.36810621274599997,0.948,1.06183924261,0.0,GJ136
17,-9999999.0,-2.38857164771,-2.39264114272,-0.00428000102317,2453430.57032,2453430.5695700003,40.8363916019,-6.342754422974969,"STAR,WAVE,G2.5V",0.107,-9999999.0,240.0021,3.33428030778,7.0882358429100005,0.4428578340102956,G2,-6.34697319722,-0.07200000000000001,-0.833,0.3323319353715124,0.44849967034074817,HARPS_ech_obs_all,074.C-0012(B),UNKNOWN,12.5,12566.245479899999,12565.511999999999,-1.04371008358,-1.04371008358,9.776,0.805,275.4,HARPS_ech_obs_thosimult,2005-03-01T01:40:35.324,0.5,10.747776823099999,-9999999.0,0.8740000000000001,3.3339831652543706,-9999999.0,0.00026401322397980845,0.00037106175822593696,0.0004804701171057109,0.287372975213,1.043,0.378262017033,0.378262017033,0.9520000000000001,1.1882321735299999,0.0,GJ136
18,-9999999.0,0.622843913263,0.617329945071,-0.007415632694060001,2453624.90695,2453624.9062099997,40.9476073544,2.719688762864656,"STAR,WAVE,G2.5V",0.43700000000000006,-9999999.0,300.0019,5.12717102975,7.07857599523,0.4366315022025835,G2,2.72860269672,-0.883,0.49200000000000005,0.3377677865199665,0.4544030387008903,HARPS_ech_obs_all,60.A-9036(A),UNKNOWN,12.5,12555.602117100001,12555.354,-9.73057766685,-9.73057766685,-0.23600000000000002,1.131,133.1,HARPS_ech_obs_thosimult,2005-09-11T09:40:10.131,0.45,6.34052251522,-9999999.0,0.8390000000000001,5.13676339570143,-9999999.0,0.0005592839092099795,0.0007782326250336017,0.0010053411943515241,0.559295791333,1.148,0.7127524603059999,0.7127524603059999,1.101,1.53262674508,0.0,GJ136
19,-9999999.0,0.6175749860890001,0.612063355881,-0.00518581470561,2453624.91106,2453624.9103200003,40.947546999000004,3.877943807165219,"STAR,WAVE,G2.5V",0.051,-9999999.0,300.0009,4.28955626515,7.0802368029,0.4366792836129272,G2,3.8781859796,-0.8909999999999999,0.491,0.3365989457097824,0.4540159850670646,HARPS_ech_obs_all,60.A-9036(A),UNKNOWN,12.5,12556.344206,12556.104,-9.54636891613,-9.54636891613,-0.05,1.131,190.0,HARPS_ech_obs_thosimult,2005-09-11T09:45:41.214,0.53,5.26979454332,-9999999.0,0.8390000000000001,4.30617305117387,-9999999.0,0.0003859494939606978,0.000541242119661964,0.0007002566308939393,0.40441022939099996,1.081,0.510675127736,0.510675127736,0.982,0.9879100728799999,0.0,GJ136
20,-9999999.0,0.612568458882,0.607068532067,-0.00645173364783,2453624.91499,2453624.9142400003,40.9513061276,-1.1647294544256743,"STAR,WAVE,G2.5V",0.19899999999999998,-9999999.0,300.0012,3.91871380075,7.07919569387,0.4368191227066825,G2,-1.1686837596200002,-0.899,0.49,0.3362439473025719,0.4527813759540769,HARPS_ech_obs_all,60.A-9036(A),UNKNOWN,12.5,12556.7323271,12556.5,-9.67269689736,-9.67269689736,-0.17600000000000002,1.131,261.6,HARPS_ech_obs_thosimult,2005-09-11T09:51:11.976,0.56,4.35685442683,-9999999.0,0.8390000000000001,3.936139878817837,-9999999.0,0.0002787838410882577,0.00039219562428379113,0.0005073113162404659,0.298746195926,1.047,0.377455316742,0.377455316742,0.92,0.77581895507,0.0,GJ136
21,-9999999.0,-7.784043350069999,-7.78989113293,-0.0148247175906,2453689.65721,2453689.6564599997,41.128105947600005,15.852807582933984,"STAR,WAVE,G2.5V",-1.217,-9999999.0,300.0007,2.9850919077499998,7.0471645581199995,0.4284394526762945,G2,15.893931909,0.08,0.353,0.33431447130593445,0.4631732750637121,HARPS_ech_obs_all,60.A-9036(A),UNKNOWN,12.5,12549.740122700001,12548.421,-16.2724545329,-16.2724545329,-6.6370000000000005,1.239,409.8,HARPS_ech_obs_thosimult,2005-11-15T03:41:34.592,0.49,-1.45449611609,-9999999.0,0.8740000000000001,3.006565796435431,-9999999.0,0.0001792183776713567,0.000250344195712044,0.00032568692057439124,0.185875963283,1.02,0.286529011628,0.286529011628,0.92,1.45545051598,128.0,GJ136
22,-9999999.0,-7.788929093769999,-7.794779598110001,-0.013378285271999999,2453689.66114,2453689.6603900003,41.1371221651,15.257489796679144,"STAR,WAVE,G2.5V",-0.627,-9999999.0,300.0015,3.0989125530900004,7.04602443587,0.4283417518679746,G2,15.289130127,0.073,0.35200000000000004,0.33404867473897737,0.4628958295916976,HARPS_ech_obs_all,60.A-9036(A),UNKNOWN,12.5,12550.254656899999,12548.943000000001,-15.891191991800001,-15.891191991800001,-6.255,1.239,425.4,HARPS_ech_obs_thosimult,2005-11-15T03:47:07.475,0.51,-2.75879032068,-9999999.0,0.8740000000000001,3.109272911127788,-9999999.0,0.00017327817107253986,0.00024120936981571347,0.00031394692404647996,0.178106045405,1.0190000000000001,0.279455531205,0.279455531205,0.917,1.44525264227,128.0,GJ136
23,-9999999.0,-7.79366560115,-7.79949791403,-0.0136658673377,2453689.66492,2453689.6641700002,41.1420700333,12.440327059519086,"STAR,WAVE,G2.5V",-0.915,-9999999.0,300.0004,2.99189406636,7.04564407912,0.428592136730286,G2,12.467987109800001,0.065,0.35100000000000003,0.3345626062924976,0.4632993961603954,HARPS_ech_obs_all,60.A-9036(A),UNKNOWN,12.5,12549.2565431,12547.953000000001,-17.0731742085,-17.0731742085,-7.436,1.239,419.8,HARPS_ech_obs_thosimult,2005-11-15T03:52:37.899,0.5,-3.4937661816300003,-9999999.0,0.8740000000000001,3.018684358890661,-9999999.0,0.00017508135785841347,0.0002445191256193733,0.0003181103432832209,0.181215130275,1.0190000000000001,0.281204181748,0.281204181748,0.9179999999999999,1.41327934689,128.0,GJ136
24,-9999999.0,-7.993286713200001,-7.999119972889999,-0.0148225142233,2453690.76046,2453690.75972,41.1002590087,2.715294614404022,"STAR,WAVE,G2.5V",0.033,-9999999.0,120.0023,5.59540652557,7.052094692789999,0.4300544069053162,G2,2.69092745977,-0.16699999999999998,-0.899,0.3330704781710749,0.4540093615537472,HARPS_ech_obs_all,076.C-0878(A),UNKNOWN,12.5,12555.5815235,12554.508,-10.2360175189,-10.2360175189,0.65,1.2409999999999999,186.6,HARPS_ech_obs_thosimult,2005-11-16T06:11:43.848,0.51,-18.351672401,-9999999.0,0.718,5.622452669056664,-9999999.0,0.0003924973538264793,0.0005503707220813689,0.0007167703313265437,0.41253381420999996,1.085,0.53276491781,0.53276491781,0.894,1.01001456226,0.0,GJ136
25,-9999999.0,-7.995258914480001,-8.001086183239998,-0.0160374731492,2453690.76224,2453690.76149,41.094125034499996,7.481592713841968,"STAR,WAVE,G2.5V",0.18,-9999999.0,120.0018,4.74469512578,7.053453245569999,0.43014377862921466,G2,7.4672095792499995,-0.171,-0.9,0.3341804683172234,0.4509167604119619,HARPS_ech_obs_all,076.C-0878(A),UNKNOWN,12.5,12557.0757687,12556.006000000001,-8.50739670866,-8.50739670866,2.38,1.2409999999999999,203.7,HARPS_ech_obs_thosimult,2005-11-16T06:14:14.483,0.53,-18.509752220699998,-9999999.0,0.718,4.767613332524041,-9999999.0,0.00035680944949755526,0.0005045358170369618,0.0006536210034899867,0.383214651234,1.074,0.496568442733,0.496568442733,0.873,1.13200813998,0.0,GJ136
26,-9999999.0,-7.997100187010001,-8.00291370611,-0.0146681795286,2453690.7639,2453690.76315,41.094379137800004,6.75466517857447,"STAR,WAVE,G2.5V",-0.228,-9999999.0,120.0002,4.73157309102,7.0514982238399995,0.4301075021416167,G2,6.731742021590001,-0.174,-0.9,0.33481178141376355,0.4534875464520038,HARPS_ech_obs_all,076.C-0878(A),UNKNOWN,12.5,12555.8400189,12554.773000000001,-9.745189738130001,-9.745189738130001,1.1420000000000001,1.2409999999999999,202.6,HARPS_ech_obs_thosimult,2005-11-16T06:16:45.358,0.47,-17.6297894218,-9999999.0,0.718,4.7593997720165975,-9999999.0,0.0003612107314255655,0.0005082843251304234,0.0006598954056858182,0.38178613999600003,1.073,0.49230067249,0.49230067249,0.87,0.864778386753,0.0,GJ136
27,-9999999.0,7.88390292833,7.879344912530001,-0.0110055260966,2453930.9413799997,2453930.94073,41.0543242703,-0.8283329379466676,"STAR,WAVE,G2.5V",0.0,-9999999.0,119.9991,4.871956269019999,7.062473578760001,0.4314824706515024,G2,-0.834575812054,-0.19899999999999998,-0.027000000000000003,0.3355687885965977,0.4660696562625433,HARPS_ech_obs_all,077.C-0530(A),UNKNOWN,12.5,12550.8438826,12549.399,-16.5081873816,-16.5081873816,-6.494,1.6440000000000001,189.5,HARPS_ech_obs_thosimult,2006-07-14T10:32:26.519,0.43,-11.5888011835,-9999999.0,0.45799999999999996,4.904826852559324,-9999999.0,0.00039491134605769,0.0005427167572046567,0.0007061382231636202,0.399556818786,0.732,0.514811501839,0.514811501839,0.6890000000000001,1.11883858514,0.0,GJ136
28,-9999999.0,7.881945562060001,7.87739453885,-0.013569338620299999,2453930.94316,2453930.94251,41.0607827221,9.757549084782344,"STAR,WAVE,G2.5V",0.0,-9999999.0,120.001,4.80751826982,7.066498767969999,0.43117296846809533,G2,9.75623398207,-0.20199999999999999,-0.027000000000000003,0.3363320574601332,0.4650353479974863,HARPS_ech_obs_all,077.C-0530(A),UNKNOWN,12.5,12552.089509200001,12550.648000000001,-15.6504303476,-15.6504303476,-5.636,1.6440000000000001,173.9,HARPS_ech_obs_thosimult,2006-07-14T10:35:00.697,0.43,-10.236750086,-9999999.0,0.45799999999999996,4.8400703903711415,-9999999.0,0.00042923910763973836,0.0005927485356570598,0.0007689153364826206,0.435350873599,0.752,0.560911679288,0.560911679288,0.7240000000000001,1.08859532019,0.0,GJ136
29,-9999999.0,7.8799897647899995,7.87543355275,-0.007965923480979999,2453930.9449400003,2453930.94428,41.057413661300004,10.479905090794176,"STAR,WAVE,G2.5V",0.0,-9999999.0,120.0017,5.16751370818,7.062348041910001,0.4302129782315012,G2,10.4559573744,-0.20600000000000002,-0.027999999999999997,0.3353542594089845,0.4661830461321294,HARPS_ech_obs_all,077.C-0530(A),UNKNOWN,12.5,12549.997682899999,12548.56,-17.8944078671,-17.8944078671,-7.879,1.6440000000000001,176.5,HARPS_ech_obs_thosimult,2006-07-14T10:37:35.054,0.42,-12.7797365952,-9999999.0,0.45799999999999996,5.212487862396396,-9999999.0,0.0004220090796464121,0.0005830461659449916,0.0007586084359470554,0.429907233362,0.7490000000000001,0.555205969394,0.555205969394,0.72,1.21749911431,0.0,GJ136
30,-9999999.0,7.51133594287,7.50669136402,-0.00902116781568,2453936.8358299998,2453936.83517,41.1022016868,4.875383751863686,"STAR,WAVE,G2.5V",-0.503,-9999999.0,120.0006,4.9800510977900005,7.05491798516,0.4342619440677155,G2,4.8353964784,-0.092,-0.1,0.34249858596638205,0.4556590264709306,HARPS_ech_obs_all,077.C-0530(A),UNKNOWN,12.5,12544.7149246,12543.153,-23.0743184288,-23.0743184288,-12.985999999999999,1.6540000000000001,197.8,HARPS_ech_obs_thosimult,2006-07-20T08:00:16.148,0.41,-18.1186642461,-9999999.0,0.44,5.060077170279053,-9999999.0,0.0003718656237780377,0.0005170225318526343,0.0006734216059804032,0.384799132513,0.693,0.504893488241,0.504893488241,0.67,1.11327439025,0.0,GJ136
31,-9999999.0,7.51018334302,7.5055399855800005,-0.005687735466649999,2453936.83762,2453936.83696,41.104218143699995,4.485388927750397,"STAR,WAVE,G2.5V",-0.292,-9999999.0,120.0008,4.4286775549,7.05549226247,0.43340152623163947,G2,4.463166237769999,-0.095,-0.10099999999999999,0.34281150003432714,0.4551377392423041,HARPS_ech_obs_all,077.C-0530(A),UNKNOWN,12.5,12545.1059759,12543.546999999999,-23.3344471771,-23.3344471771,-13.245999999999999,1.6540000000000001,208.2,HARPS_ech_obs_thosimult,2006-07-20T08:02:51.086,0.41,-19.0949381568,-9999999.0,0.44,4.5164318651900075,-9999999.0,0.00035227056154765144,0.0004913502916631143,0.000639026251565581,0.36634618121,0.6829999999999999,0.480958773623,0.480958773623,0.652,1.0816124582100002,0.0,GJ136
32,-9999999.0,7.509017408739999,7.504368686219999,-0.0067650554528,2453936.8394,2453936.83875,41.1081682378,3.7600425692290664,"STAR,WAVE,G2.5V",-0.16899999999999998,-9999999.0,119.9994,3.9853290946699995,7.052273274330001,0.433931979419968,G2,3.72475793698,-0.099,-0.10099999999999999,0.3430870456962022,0.455885531577747,HARPS_ech_obs_all,077.C-0530(A),UNKNOWN,12.5,12543.568889799999,12542.014,-24.5949310406,-24.5949310406,-14.505999999999998,1.6540000000000001,211.6,HARPS_ech_obs_thosimult,2006-07-20T08:05:25.023,0.41,-20.8202048958,-9999999.0,0.44,4.087282159339378,-9999999.0,0.00034765843588512133,0.0004837187729465446,0.0006294242799433817,0.360169025925,0.68,0.470828345204,0.470828345204,0.645,1.17740547854,0.0,GJ136
33,-9999999.0,3.14684374077,3.14131953255,-0.010345144030499999,2453973.847,2453973.84635,41.1083245033,19.855343341761913,"STAR,WAVE,G2.5V",0.0,-9999999.0,120.0,7.0381471429,7.06103340091,0.4335294968466569,G2,19.8486251332,-0.442,-0.18600000000000003,0.3349879577420841,0.4671779182754071,HARPS_ech_obs_all,077.C-0530(A),UNKNOWN,12.5,12547.224669,12545.951000000001,-19.1342791003,-19.1342791003,-8.96,1.716,135.5,HARPS_ech_obs_thosimult,2006-08-26T08:15:22.892,0.42,-18.5325695191,-9999999.0,0.8740000000000001,7.0588801122056175,-9999999.0,0.0005491269846620676,0.0007627244449125651,0.000993902600294666,0.554241727234,1.146,0.722618105696,0.722618105696,1.1340000000000001,1.4386027669299999,0.0,GJ136
34,-9999999.0,3.14460778078,3.13909917387,-0.007727307001479999,2453973.8488,2453973.8481400004,41.1150173669,9.408694790330305,"STAR,WAVE,G2.5V",0.0,-9999999.0,119.9998,6.18856721924,7.06200813332,0.4343206975386,G2,9.409662515219999,-0.446,-0.187,0.3367175327792222,0.4669202311643696,HARPS_ech_obs_all,077.C-0530(A),UNKNOWN,12.5,12549.3935959,12548.124,-18.034618121199998,-18.034618121199998,-7.861000000000001,1.716,158.8,HARPS_ech_obs_thosimult,2006-08-26T08:17:59.810,0.41,-19.074213599100002,-9999999.0,0.8740000000000001,6.211603876951579,-9999999.0,0.00046740540205206514,0.0006506232569554773,0.0008456193903575571,0.477426500783,1.111,0.619092037857,0.619092037857,1.071,1.3159441292899998,0.0,GJ136
35,-9999999.0,3.1423455172500003,3.13682869523,-0.0104827653048,2453973.85062,2453973.84996,41.0971919826,14.886367326240435,"STAR,WAVE,G2.5V",0.0,-9999999.0,120.0001,5.36215082379,7.06455436115,0.4342898220129421,G2,14.9031733971,-0.449,-0.187,0.3354185947610279,0.4655064553390662,HARPS_ech_obs_all,077.C-0530(A),UNKNOWN,12.5,12548.693108399999,12547.426000000001,-19.0061353316,-19.0061353316,-8.831,1.716,156.4,HARPS_ech_obs_thosimult,2006-08-26T08:20:35.547,0.42,-16.0535075287,-9999999.0,0.8740000000000001,5.3858224287069705,-9999999.0,0.0004748476912795,0.0006593488561288451,0.0008573121667003295,0.484514834775,1.114,0.626142572017,0.626142572017,1.075,1.41873940393,0.0,GJ136
36,-9999999.0,-6.65406620732,-6.65883522546,-0.0172219138802,2454043.62367,2454043.6230099997,41.0870883198,13.881021423173435,"STAR,DARK,G2V",0.0,-9999999.0,60.0017,7.41342562874,7.05913093776,0.4316130909331103,G2,13.8532015436,0.8240000000000001,0.747,0.342166106218234,0.4623441427876053,HARPS_ech_obs_all,078.C-0044(A),UNKNOWN,12.6,12559.257819299999,12556.601999999999,-8.51537268461,-8.51537268461,0.725,1.8319999999999999,120.3,HARPS_ech_obs_objA,2006-11-04T02:54:57.736,0.36,-12.8453429577,-9999999.0,0.8740000000000001,7.4207922843634915,-9999999.0,0.0006189269272553838,0.0008606950467824205,0.0011170448894587805,0.623441913886,1.181,0.810146241427,0.810146241427,1.1909999999999998,1.8855981077900001,0.0,GJ136
37,-9999999.0,-7.9887483036699996,-7.993565985039999,-0.00826432143416,2454057.63586,2454057.6352,41.145112394499996,13.17538886794117,"STAR,DARK,G2V",0.0,-9999999.0,60.0027,7.453323795619999,7.0614638010699995,0.4323704839408162,G2,13.159117820399999,0.575,0.485,0.3351715871718751,0.4526302790854851,HARPS_ech_obs_all,078.C-0044(A),UNKNOWN,12.6,12546.826948200001,12544.396,-21.3900118239,-21.3900118239,-11.887,1.8559999999999999,115.5,HARPS_ech_obs_objA,2006-11-18T03:13:00.374,0.37,-22.9340824531,-9999999.0,0.8740000000000001,7.495448101095346,-9999999.0,0.0006470423682383168,0.0008996963593455863,0.0011668160346529554,0.649825681364,1.195,0.8441638803899999,0.8441638803899999,1.215,1.8593052131099999,0.0,GJ136
38,-9999999.0,-7.98920990235,-7.99528911337,-0.013008954491700002,2454058.56732,2454058.56666,41.152426093,10.111058642106864,"STAR,WAVE,G2.5V",0.209,-9999999.0,119.9987,5.81067424467,7.05626879452,0.4316318695046561,G2,10.0856966768,0.54,0.275,0.3355746639849156,0.4560824369392762,HARPS_ech_obs_all,078.C-0833(A),UNKNOWN,12.5,12544.315681999999,12541.919,-22.312345712600003,-22.312345712600003,-12.6,1.857,146.1,HARPS_ech_obs_thosimult,2006-11-19T01:33:52.469,0.42,-24.1238868469,-9999999.0,0.8740000000000001,5.874074739529427,-9999999.0,0.0005067827060216526,0.0007068323698376188,0.0009202833681458119,0.517058872643,1.128,0.665479646762,0.665479646762,1.0979999999999999,1.53051224278,0.0,GJ136
39,-9999999.0,-7.99099177778,-7.997077889400001,-0.012303454289299999,2454058.56911,2454058.56845,41.1467307101,9.276231391833646,"STAR,WAVE,G2.5V",-0.033,-9999999.0,120.0034,5.0539169604300005,7.05274193903,0.4315859231206887,G2,9.25836814923,0.536,0.275,0.3367439262333225,0.4544268411711338,HARPS_ech_obs_all,078.C-0833(A),UNKNOWN,12.5,12545.257785299998,12542.865,-21.2391069219,-21.2391069219,-11.527000000000001,1.857,151.7,HARPS_ech_obs_thosimult,2006-11-19T01:36:26.507,0.42,-23.9289688421,-9999999.0,0.8740000000000001,5.120881907741583,-9999999.0,0.0004882844518288513,0.0006813501476699214,0.0008846534137018045,0.498832150121,1.12,0.643016458769,0.643016458769,1.085,1.4446570809900001,0.0,GJ136
40,-9999999.0,-7.99278907868,-7.99888211993,-0.013196699000299999,2454058.57089,2454058.5702400003,41.144178748200005,0.5061209616171121,"STAR,WAVE,G2.5V",0.10400000000000001,-9999999.0,119.9996,5.41242781076,7.05584070352,0.4320186569842479,G2,0.48898738355800003,0.5329999999999999,0.27399999999999997,0.3353267625868733,0.4556169041517448,HARPS_ech_obs_all,078.C-0833(A),UNKNOWN,12.5,12544.842787200001,12542.453000000001,-21.1326251125,-21.1326251125,-11.42,1.857,161.7,HARPS_ech_obs_thosimult,2006-11-19T01:39:00.626,0.42,-24.1571458867,-9999999.0,0.8740000000000001,5.48355944734614,-9999999.0,0.00045787663644374197,0.0006375021184513138,0.0008305277778188481,0.46992858522299996,1.1079999999999999,0.6060617485800001,0.6060617485800001,1.063,1.2385794872700002,0.0,GJ136
41,-9999999.0,-8.926548859439999,-8.931413539960001,-0.0149680629025,2454076.5677099996,2454076.56704,41.1023660752,15.835093524709508,"STAR,DARK,G2V",0.0,-9999999.0,59.9987,6.398826617109999,7.06314821632,0.43534316095813497,G2,15.812580354300001,0.528,0.929,0.33330114362078594,0.4620547338159754,HARPS_ech_obs_all,078.C-0044(A),UNKNOWN,12.6,12557.5320795,12555.116000000002,-9.159464857489999,-9.159464857489999,-0.10099999999999999,1.8880000000000001,142.3,HARPS_ech_obs_objA,2006-12-07T01:35:37.760,0.38,-23.1055074544,-9999999.0,0.841,6.414494635288841,-9999999.0,0.0005206985049765392,0.0007250281041979496,0.0009422133078239881,0.54642749676,1.1420000000000001,0.71066066152,0.71066066152,1.101,1.5665607964700001,0.0,GJ136
42,-9999999.0,-8.96158811563,-8.9674476831,-0.0161439485537,2454076.59783,2454076.59715,41.1615789216,16.847863817450108,"STAR,WAVE,G2.5V",0.406,-9999999.0,120.0013,27.542139728000002,7.062066581310001,0.43753882770235136,G2,16.9653810544,0.47,0.9209999999999999,0.3427333217762698,0.4623745975332402,HARPS_ech_obs_all,078.C-0833(A),UNKNOWN,12.5,12556.7966845,12554.438999999998,-10.112507488,-10.112507488,-1.046,1.8880000000000001,34.4,HARPS_ech_obs_thosimult,2006-12-07T02:18:38.551,0.37,-39.762390886999995,-9999999.0,0.841,27.55567101335693,-9999999.0,0.0022734605922896355,0.0033170835486079943,0.004201949355448792,2.72745373619,2.906,3.2324757432899998,3.2324757432899998,3.34,7.941173861539999,0.0,GJ136
43,-9999999.0,-8.96376673375,-8.96964598925,-0.0159787960124,2454076.59966,2454076.599,41.0810157079,14.638236079832131,"STAR,WAVE,G2.5V",0.754,-9999999.0,119.9991,4.00569632872,7.06462516349,0.4382153570657962,G2,14.6103503801,0.466,0.92,0.3333278602587077,0.4616794927527199,HARPS_ech_obs_all,078.C-0833(A),UNKNOWN,12.5,12557.369195799998,12555.015,-9.17697640914,-9.17697640914,-0.11,1.8880000000000001,214.5,HARPS_ech_obs_thosimult,2006-12-07T02:21:09.520,0.43,-19.2163663743,-9999999.0,0.841,4.030475401457241,-9999999.0,0.0003481471713053674,0.0004797895298665164,0.0006235877436679282,0.360693925209,1.0659999999999998,0.467039887903,0.467039887903,0.9620000000000001,0.8304649274699999,0.0,GJ136
44,-9999999.0,-8.96586418257,-8.97173802617,-0.014675000183399999,2454076.60142,2454076.60076,41.0783175956,3.874620969645629,"STAR,WAVE,G2.5V",0.782,-9999999.0,120.0004,4.42730866449,7.0649254817,0.4388013128072797,G2,3.8597592870199997,0.46299999999999997,0.92,0.33352331918015155,0.4623194083449888,HARPS_ech_obs_all,078.C-0833(A),UNKNOWN,12.5,12558.5457286,12556.195,-7.799559271260001,-7.799559271260001,1.268,1.8880000000000001,212.2,HARPS_ech_obs_thosimult,2006-12-07T02:23:41.528,0.43,-18.4145163227,-9999999.0,0.841,4.449458455431278,-9999999.0,0.00035564988749010493,0.00048581711565351865,0.0006315565017224379,0.35756608919,1.065,0.461711609236,0.461711609236,0.9590000000000001,1.03724205893,0.0,GJ136
45,-9999999.0,-8.81922636623,-8.82413082784,-0.00699257779917,2454100.58146,2454100.58079,40.902328916500004,5.172125112980255,"STAR,DARK,G2V",0.0,-9999999.0,60.0005,5.5154002888900004,7.099395156789999,0.4367760670827968,G2,5.16529784424,1.619,0.738,0.3269732787935257,0.4571254610880617,HARPS_ech_obs_all,078.C-0044(A),UNKNOWN,12.6,12562.062592799999,12558.516000000001,-5.7665806133899995,-5.7665806133899995,3.483,1.9280000000000002,176.0,HARPS_ech_obs_objA,2006-12-31T01:56:29.476,0.37,11.5145681855,-9999999.0,0.8740000000000001,5.518852006981539,-9999999.0,0.00042580422805089046,0.0005840186389257442,0.0007608931352657576,0.441757281021,1.0959999999999999,0.574518916174,0.574518916174,1.046,1.05717503031,0.0,GJ136
46,-9999999.0,-8.95853224293,-8.963804841830001,-0.00163576768854,2454100.7464,2454100.74575,40.9060227513,2.5195157032121926,"STAR,WAVE,G2.5V",0.882,-9999999.0,119.9996,6.769237326310001,7.10208543293,0.43800785661531866,G2,2.4700782732,1.3,0.6920000000000001,0.32129318826676884,0.4534458964057392,HARPS_ech_obs_all,078.C-0833(A),UNKNOWN,12.5,12559.4486468,12556.221000000001,-7.39596683962,-7.39596683962,1.9,1.9280000000000002,143.0,HARPS_ech_obs_thosimult,2006-12-31T05:53:32.702,0.42,10.422390247000001,-9999999.0,0.8740000000000001,6.782456290913088,-9999999.0,0.0005190081832756071,0.0007180206436500984,0.0009375994614365437,0.535791228751,1.137,0.7154466073479999,0.7154466073479999,1.129,1.2893515793299999,0.0,GJ136
47,-9999999.0,-8.95916849746,-8.96442960183,-0.006092163051970001,2454100.7480099997,2454100.7473299997,40.895799653000005,0.440924172205334,"STAR,WAVE,G2.5V",0.6509999999999999,-9999999.0,119.999,8.433332527020001,7.105548537360001,0.43763986721843984,G2,0.408537600049,1.297,0.691,0.3219728973946026,0.4548238382978514,HARPS_ech_obs_all,078.C-0833(A),UNKNOWN,12.5,12559.9484519,12556.723,-6.28307642377,-6.28307642377,3.013,1.9280000000000002,122.1,HARPS_ech_obs_thosimult,2006-12-31T05:56:03.580,0.32,11.3087257809,-9999999.0,0.8740000000000001,8.441470864031542,-9999999.0,0.0006138970995675473,0.0008463283928722103,0.0011051551335802738,0.618955731443,1.179,0.831693692676,0.831693692676,1.206,1.36502683493,0.0,GJ136
48,-9999999.0,-8.95996558407,-8.965245117939999,-0.0068200033723000006,2454100.75009,2454100.74947,40.908860029,-1.011552687770223,"STAR,WAVE,G2.5V",0.46299999999999997,-9999999.0,120.0008,8.645850682739999,7.10503124572,0.4382215136807872,G2,-1.05159006626,1.2930000000000001,0.691,0.3198523098531261,0.4558907749489177,HARPS_ech_obs_all,078.C-0833(A),UNKNOWN,12.5,12559.2616155,12556.041000000001,-7.156260141919999,-7.156260141919999,2.141,1.9280000000000002,105.9,HARPS_ech_obs_thosimult,2006-12-31T05:58:34.558,0.56,11.9320530716,-9999999.0,0.8740000000000001,8.655194797890625,-9999999.0,0.0007042333236107442,0.0009757033362485756,0.0012791057618853042,0.710246713012,1.229,0.9682203174770001,0.9682203174770001,1.304,2.0736008515099997,0.0,GJ136
49,-9999999.0,-7.22987425445,-7.234801534339999,-0.0109223460682,2454123.56984,2454123.56918,41.0801005687,36.40772309516079,"STAR,DARK,G2V",0.0,-9999999.0,60.0,11.4917906849,7.065253785510001,0.4363836568554756,G2,36.3235697819,1.82,0.924,0.3313468525250203,0.4494240345278464,HARPS_ech_obs_all,078.C-0044(A),UNKNOWN,12.6,12548.4706828,12544.685,-19.138462817,-19.138462817,-10.075,1.966,80.4,HARPS_ech_obs_objA,2007-01-23T01:40:39.872,0.36,-15.097472718199999,-9999999.0,0.61,11.528586771942566,-9999999.0,0.0009285465376831227,0.0013005440502431634,0.0016860936193141222,0.927267456964,1.328,1.2583684882500001,1.2583684882500001,1.3980000000000001,2.09280078795,0.0,GJ136
50,-9999999.0,-7.23157731833,-7.2363523167600015,-0.0163871049007,2454123.57164,2454123.5709700002,41.1007249131,13.290128610000767,"STAR,WAVE,G2.5V",0.29100000000000004,-9999999.0,120.0021,12.80499256,7.06597238146,0.4359116627392772,G2,13.244081370899998,1.817,0.924,0.33102969128152976,0.4531253537466058,HARPS_ech_obs_all,078.C-0833(A),UNKNOWN,12.5,12548.2385939,12544.456,-20.553267508599998,-20.553267508599998,-11.489,1.966,68.7,HARPS_ech_obs_thosimult,2007-01-23T01:42:52.419,0.37,-17.9750293595,-9999999.0,0.61,12.834591987187126,-9999999.0,0.001086724084852438,0.0015358452565471348,0.001997525639876828,1.10315217358,1.456,1.49660699007,1.49660699007,1.6159999999999999,2.94996600277,0.0,GJ136
51,-9999999.0,-7.23314282148,-7.23790485742,-0.00903097681604,2454123.57331,2454123.57263,41.1109155248,19.772560192114085,"STAR,WAVE,G2.5V",0.267,-9999999.0,120.0008,9.89581457991,7.065980681849999,0.4360511058563636,G2,19.6857256778,1.814,0.9229999999999999,0.33171396504860523,0.4540738488590995,HARPS_ech_obs_all,078.C-0833(A),UNKNOWN,12.5,12548.841549200002,12545.062,-19.108526021,-19.108526021,-10.045,1.966,82.8,HARPS_ech_obs_thosimult,2007-01-23T01:45:23.327,0.31,-19.4872933556,-9999999.0,0.61,9.940522673908573,-9999999.0,0.000927835466158968,0.0012656554591039162,0.001648356097290257,0.868520336778,1.288,1.1669825818000001,1.1669825818000001,1.317,2.68614663826,0.0,GJ136
52,-9999999.0,-7.23469932536,-7.2394489392,0.14402901990800002,2454123.57497,2454123.57427,37.940752618699996,-477.21819948393403,"STAR,WAVE,G2.5V",0.41200000000000003,-9999999.0,119.9996,415.72411040699996,7.179052807250001,0.3609476859207156,G2,-382.500197074,1.81,0.9229999999999999,0.2616614498992413,0.5505439158446302,HARPS_ech_obs_all,078.C-0833(A),UNKNOWN,12.5,12367.195519399998,12363.42,-118.77714714,-118.77714714,-109.712,1.966,3.4,HARPS_ech_obs_thosimult,2007-01-23T01:47:54.305,0.25,59.7149828158,-9999999.0,0.61,414.7331991914208,-9999999.0,0.03070280729674365,0.05170367154681951,0.0677953791156113,7.8803604722300005,7.937,43.205105366000005,43.205105366000005,43.208999999999996,84.12485712760001,64.0,GJ136
53,-9999999.0,-7.15370900253,-7.15862802658,-0.0134997679421,2454124.595,2454124.5943299998,41.1027931518,18.661829228003022,"STAR,DARK,G2V",0.0,-9999999.0,59.9992,5.437729312389999,7.064001642589999,0.43397076281127983,G2,18.6185652261,0.308,0.42700000000000005,0.3331623645566217,0.4524087141213952,HARPS_ech_obs_all,078.C-0044(A),UNKNOWN,12.6,12551.2471495,12548.971000000001,-16.0549602285,-16.0549602285,-6.495,1.9680000000000002,158.8,HARPS_ech_obs_objA,2007-01-24T02:16:55.959,0.35,-20.697216727,-9999999.0,0.8740000000000001,5.495382981967295,-9999999.0,0.00047058894026348787,0.000650106894376174,0.0008458135695391097,0.487559308995,1.115,0.623303275628,0.623303275628,1.073,1.4696017429100001,0.0,GJ136
54,-9999999.0,-7.155481870569999,-7.160220765339999,-0.0119242480587,2454124.59713,2454124.59647,41.0912585114,18.07093721748697,"STAR,WAVE,G2.5V",0.384,-9999999.0,119.9993,3.94605979661,7.061799839550001,0.4339638741178921,G2,18.025227737,0.304,0.42700000000000005,0.3320397343931499,0.4517325548468342,HARPS_ech_obs_all,078.C-0833(A),UNKNOWN,12.5,12552.841681200001,12550.57,-15.221463117599999,-15.221463117599999,-5.66,1.9680000000000002,224.5,HARPS_ech_obs_thosimult,2007-01-24T02:19:31.588,0.41,-18.6266414239,-9999999.0,0.8740000000000001,4.018512727376642,-9999999.0,0.0003319473204300524,0.00045736744138940184,0.0005958838997945952,0.34839316130500003,1.062,0.44361848538800003,0.44361848538800003,0.98,0.996321403151,0.0,GJ136
55,-9999999.0,-7.156941360039999,-7.16168582137,-0.0134628105822,2454124.5989,2454124.59824,41.0914472213,6.801571303438651,"STAR,WAVE,G2.5V",0.245,-9999999.0,119.9987,4.619355849740001,7.062665483180001,0.4328829748746826,G2,6.7457303203,0.3,0.426,0.3324408842473686,0.4514465334302018,HARPS_ech_obs_all,078.C-0833(A),UNKNOWN,12.5,12552.0422736,12549.774,-15.6259281259,-15.6259281259,-6.065,1.9680000000000002,219.2,HARPS_ech_obs_thosimult,2007-01-24T02:22:03.356,0.42,-19.7046686063,-9999999.0,0.8740000000000001,4.681927149108311,-9999999.0,0.00034004020758321635,0.0004689102881446888,0.0006103014031128872,0.355520491096,1.064,0.45128726177,0.45128726177,0.983,0.898639550669,0.0,GJ136
56,-9999999.0,-7.158367264680001,-7.163106944369999,-0.0128416282533,2454124.6006400003,2454124.59999,41.0988276972,8.79399098812415,"STAR,WAVE,G2.5V",0.47700000000000004,-9999999.0,120.0011,4.3926398863300005,7.06234434256,0.43292859723828336,G2,8.748361061239999,0.297,0.426,0.33150004415454154,0.4520714692975855,HARPS_ech_obs_all,078.C-0833(A),UNKNOWN,12.5,12551.6775427,12549.413,-15.749694328499999,-15.749694328499999,-6.189,1.9680000000000002,226.8,HARPS_ech_obs_thosimult,2007-01-24T02:24:34.294,0.42,-18.4685598664,-9999999.0,0.8740000000000001,4.458563092684212,-9999999.0,0.00032736164798789275,0.0004521427316217586,0.0005897335714403593,0.34557241633,1.061,0.439742672125,0.439742672125,0.978,1.0012525461,0.0,GJ136
57,-9999999.0,-6.20175845296,-6.20665043615,-0.0162125126578,2454133.63711,2454133.63644,40.902546387600005,-1.341881164219146,"STAR,DARK,G2V",0.0,-9999999.0,60.0003,7.437386600710001,7.088443573819999,0.44070631160475854,G2,-1.4039305988600002,-0.389,-0.48700000000000004,0.33087480791740204,0.4600233576292752,HARPS_ech_obs_all,078.C-0044(A),UNKNOWN,12.6,12575.476725499999,12573.883,8.28300036582,8.28300036582,18.757,1.983,123.7,HARPS_ech_obs_objA,2007-02-02T03:17:50.744,0.36,11.4446708704,-9999999.0,0.8740000000000001,7.418344831803775,-9999999.0,0.0006011593875989191,0.0008357034505063963,0.0010859383599922043,0.62784913944,1.183,0.8259958511290001,0.8259958511290001,1.202,1.66144044223,0.0,GJ136
58,-9999999.0,-6.065555220659999,-6.0704594507200005,-0.0117289795806,2454134.6036,2454134.60293,40.8461818258,-13.310275437184893,"STAR,DARK,G2V",0.0,-9999999.0,60.001000000000005,7.10468495624,7.096198167939999,0.4390868022257758,G2,-13.321984206400002,-0.355,-0.525,0.3399491452430662,0.4606921910614513,HARPS_ech_obs_all,078.C-0044(A),UNKNOWN,12.6,12575.5260206,12573.896,7.93233789546,7.93233789546,18.445,1.985,111.0,HARPS_ech_obs_objA,2007-02-03T02:29:38.811,0.34,18.6679297149,-9999999.0,0.8740000000000001,7.10063364177203,-9999999.0,0.0006738261612337646,0.0009342507683202777,0.0012125017960368473,0.690567138883,1.218,0.913266490327,0.913266490327,1.264,2.0223496033900004,0.0,GJ136
59,-9999999.0,6.599377293990001,6.594456515730001,0.00334018651103,2454310.92533,2454310.9246799997,40.7285226802,-8.969750928007953,"STAR,WAVE,G2.5V",-0.49700000000000005,-9999999.0,119.9985,5.24488604559,7.10548323673,0.44247930366699934,G2,-9.01042343242,0.10300000000000001,0.41,0.3352069546556292,0.462962357142745,HARPS_ech_obs_all,079.C-0681(A),UNKNOWN,12.5,12567.1497229,12564.767,-1.54976189369,-1.54976189369,8.027000000000001,2.28,184.3,HARPS_ech_obs_thosimult,2007-07-29T10:08:49.422,0.43,32.9372230603,-9999999.0,0.8740000000000001,5.246082931516343,-9999999.0,0.00041092262486557273,0.0005576288123951682,0.000723629040281786,0.420089498288,1.087,0.533786721529,0.533786721529,1.024,1.05026981826,0.0,GJ136
60,-9999999.0,6.59727775849,6.5923596701,0.00240003478667,2454310.92707,2454310.92642,40.7280059415,-6.520210614052697,"STAR,WAVE,G2.5V",-0.6920000000000001,-9999999.0,119.9978,4.837709472149999,7.1056289891999995,0.4423022505376215,G2,-6.54917346957,0.099,0.41,0.33627613927335903,0.4650779048153158,HARPS_ech_obs_all,079.C-0681(A),UNKNOWN,12.5,12567.2056357,12564.827,-1.54838369299,-1.54838369299,8.03,2.28,185.8,HARPS_ech_obs_thosimult,2007-07-29T10:11:20.240,0.43,34.1374256827,-9999999.0,0.8740000000000001,4.838141943433644,-9999999.0,0.0004082888122187516,0.0005542405350170123,0.0007198240067670237,0.415586228638,1.0859999999999999,0.528824738502,0.528824738502,1.021,1.2122033333600002,0.0,GJ136
61,-9999999.0,6.5951853836300005,6.59027004842,0.00631514271359,2454310.92881,2454310.92815,40.7347004263,-2.530132841435948,"STAR,WAVE,G2.5V",-0.821,-9999999.0,120.0009,5.38493937622,7.10441407094,0.4419348306692605,G2,-2.57973270321,0.096,0.409,0.3362577051787601,0.4656626884785649,HARPS_ech_obs_all,079.C-0681(A),UNKNOWN,12.5,12567.9533154,12565.577,-0.929395097057,-0.929395097057,8.649,2.28,191.6,HARPS_ech_obs_thosimult,2007-07-29T10:13:51.179,0.42,33.0434089427,-9999999.0,0.8740000000000001,5.384589347410508,-9999999.0,0.000394694584499306,0.0005371539521767521,0.0006984024300369562,0.404144566661,1.081,0.513351470581,0.513351470581,1.013,1.03195893535,0.0,GJ136
62,-9999999.0,3.6367966373000002,3.6312409965900003,-0.0049936997678999995,2454335.82218,2454335.82152,40.9296769924,4.777083362624648,"STAR,WAVE,G2.5V",0.138,-9999999.0,119.9995,5.60636473655,7.07620814499,0.43581983308141614,G2,4.76265826826,0.688,0.233,0.3425240447569167,0.4544150216863124,HARPS_ech_obs_all,079.C-0681(A),UNKNOWN,12.5,12556.893531200001,12553.883999999998,-10.2032717741,-10.2032717741,-0.449,2.322,148.6,HARPS_ech_obs_thosimult,2007-08-23T07:39:43.595,0.41,6.723068757209999,-9999999.0,0.8740000000000001,5.628103728325697,-9999999.0,0.0005018030504754879,0.0006928259282291207,0.0009015572699703883,0.5194006922869999,1.129,0.664800821805,0.664800821805,1.0979999999999999,1.2748563314299999,0.0,GJ136
63,-9999999.0,3.6348281974300005,3.6292615644999997,-0.00476233209297,2454335.82394,2454335.82328,40.9282946282,-4.92233714809689,"STAR,WAVE,G2.5V",0.33,-9999999.0,120.0009,6.567289913740001,7.077509344169999,0.4347369288068009,G2,-4.92803970347,0.685,0.23199999999999998,0.3423368466196558,0.4560521257002122,HARPS_ech_obs_all,079.C-0681(A),UNKNOWN,12.5,12556.3434971,12553.336000000001,-12.068746405699999,-12.068746405699999,-2.314,2.322,140.8,HARPS_ech_obs_thosimult,2007-08-23T07:42:14.094,0.42,8.82472749193,-9999999.0,0.8740000000000001,6.585742962478925,-9999999.0,0.0005308078026098817,0.0007314107306787327,0.0009536995649071133,0.544473358035,1.141,0.6974964720919999,0.6974964720919999,1.1179999999999999,1.01954199047,0.0,GJ136
64,-9999999.0,3.63285911945,3.62729399389,-0.00260370456766,2454335.8256900003,2454335.82503,40.9369879938,1.1903190084078747,"STAR,WAVE,G2.5V",-0.08199999999999999,-9999999.0,120.0002,7.73206934327,7.076832864119999,0.434917629205505,G2,1.16917447931,0.6809999999999999,0.23199999999999998,0.3419304790104535,0.4550266116420884,HARPS_ech_obs_all,079.C-0681(A),UNKNOWN,12.5,12558.745386499999,12555.742,-9.00552664483,-9.00552664483,0.7490000000000001,2.322,130.5,HARPS_ech_obs_thosimult,2007-08-23T07:44:44.884,0.42,6.24005117016,-9999999.0,0.8740000000000001,7.745729569084857,-9999999.0,0.0005720108525807473,0.0007893790911842118,0.0010283542382861963,0.586944743527,1.162,0.7575046596259999,0.7575046596259999,1.157,1.3878727252899998,0.0,GJ136
65,-9999999.0,1.3513937734099999,1.34548743558,-0.00212646345989,2454350.8846299998,2454350.88399,40.8813758946,-11.47614280582324,"STAR,WAVE,G2.5V",0.245,-9999999.0,120.0011,4.93111661886,7.085864588450001,0.4391321821163456,G2,-11.4832750483,-0.358,-0.038,0.34368796496982834,0.4569890755344714,HARPS_ech_obs_all,079.C-0681(A),UNKNOWN,12.5,12561.2779545,12559.288999999999,-5.2281386599,-5.2281386599,4.797,2.347,206.7,HARPS_ech_obs_thosimult,2007-09-07T09:09:24.860,0.44,9.709260838119999,-9999999.0,0.8740000000000001,4.936381800743353,-9999999.0,0.0003604483169411868,0.0004976474095380499,0.0006485302604664716,0.382082809335,1.073,0.49288641707599995,0.49288641707599995,1.003,1.10195330941,0.0,GJ136
66,-9999999.0,1.34911156579,1.3432048580000002,-0.00245374323746,2454350.88635,2454350.8857,40.8802536075,-13.610229828349985,"STAR,WAVE,G2.5V",0.179,-9999999.0,120.0006,4.62039841486,7.085600904580001,0.4397007824492872,G2,-13.621528981300001,-0.36200000000000004,-0.038,0.3437429693298916,0.4539657259854961,HARPS_ech_obs_all,079.C-0681(A),UNKNOWN,12.5,12561.5612141,12559.576000000001,-5.23246028135,-5.23246028135,4.793,2.347,217.3,HARPS_ech_obs_thosimult,2007-09-07T09:11:55.719,0.42,8.337501628630001,-9999999.0,0.8740000000000001,4.626573737510327,-9999999.0,0.00034457200251323514,0.0004733215799706207,0.0006146458947867306,0.361652866948,1.0659999999999998,0.466830416262,0.466830416262,0.991,0.882573844464,0.0,GJ136
67,-9999999.0,1.3467920259000001,1.34089147792,0.00013747056013499998,2454350.8881,2454350.88745,40.8878930247,-7.79862353324425,"STAR,WAVE,G2.5V",0.027000000000000003,-9999999.0,120.0008,4.43521803668,7.086063071339999,0.4399363582575185,G2,-7.806788193610001,-0.365,-0.039,0.3443821111557203,0.4556541503076579,HARPS_ech_obs_all,079.C-0681(A),UNKNOWN,12.5,12561.7165804,12559.735,-5.77939916418,-5.77939916418,4.247,2.347,218.7,HARPS_ech_obs_thosimult,2007-09-07T09:14:26.709,0.42,9.697891369510002,-9999999.0,0.8740000000000001,4.442535153965845,-9999999.0,0.00034227042536497034,0.00047062084555520196,0.0006118166489588668,0.35930756384400003,1.065,0.46406889572099996,0.46406889572099996,0.9890000000000001,0.9806100961929999,0.0,GJ136
